<?xml version="1.0" encoding="UTF-8"?>
<!DOCTYPE suite SYSTEM "https://testng.org/testng-1.0.dtd">
<suite name="Suite">
		
	 <listeners>
  		<listener  class-name="genericUtilitys.ExtentReportManager" />
   </listeners>
	
  <test thread-count="5" name="Test">
    <classes>
		 <class name="issuanceMakerApi.Issuance"/>
		 <class name="issuanceCheckerkerApi.Issuance_Checker"/>
          <class name="issuanceApproverApi.RBI_Approver_Issuance"/>
    </classes>
  </test> <!-- Test -->
</suite> <!-- Suite -->
