<?xml version="1.0" encoding="UTF-8"?>
<!DOCTYPE suite SYSTEM "https://testng.org/testng-1.0.dtd">
<suite name="Suite">
	 <listeners>
  		<listener  class-name="api.utilities.ExtentReportManager" />
   </listeners>
 
  <test thread-count="5" name="Test">
    <classes>
		
      <class name="api.test.CreteIndent">
     <methods>
		 <exclude name="discardIndent"></exclude>
		<exclude name="rejectIndent"></exclude>
	
	 </methods>
	 </class>
    </classes>
  </test> <!-- Test -->
</suite> <!-- Suite -->
