<?xml version="1.0" encoding="UTF-8"?>
<!DOCTYPE suite SYSTEM "https://testng.org/testng-1.0.dtd">
<suite name="Suite">
	
	<listeners>
				<listener class-name="testUtilities.ExtentReportManager" />
	</listeners>
  <test thread-count="5" name="Test">
    <classes>
      <class name="redeem.CreateRedeemRequestBySubmit"/>
      <class name="redeem.CreateRedeemRequestByDraftAndDiscard"/>
      <class name="redeem.CreateRedeemRequestByDraftAndSubmit"/>
    </classes>
  </test> <!-- Test -->
</suite> <!-- Suite -->
