<?xml version="1.0" encoding="UTF-8"?>
<!DOCTYPE suite SYSTEM "https://testng.org/testng-1.0.dtd">
<suite name="Suite">
	<listeners>
		<listener class-name="testUtilities.ExtentReportManager" />
	</listeners>
	<test thread-count="5" name="Test">
		<classes>
			 <class name="issuance.CreateIssuanceBySubmit" />
			<class name="issuance.IssuanceRejectByRBI" />
			<class name="issuance.CreateIssuanceBySaveAsDraftAndSubmit" />
			<class name="issuance.IssuanceApproveByRBI" />
		</classes>
	</test> <!--
	Test -->
</suite> <!--
Suite -->
