<?xml version="1.0" encoding="UTF-8"?>
<!DOCTYPE suite SYSTEM "https://testng.org/testng-1.0.dtd">
<suite name="Suite">
	 <listeners>
		<listener class-name="testUtilities.ExtentReportManager" />
	</listeners>
	<test thread-count="5" name="Test">
		<classes>
			<class name="indent.CreateIndentRequestBySubmitAndApprove" />
		    <class name="indent.CreateIndentRequestBySubmitAndReject" />
			<class name="indent.CreateIndentRequestBySaveAsDraftAndSubmit" />
			<class name="indent.CreateIndentRequestBySaveAsDraftAndReject" />
			<class name="indent.CreateIndentRequestBySaveAsDraftAndDiscard" />
		</classes>
	</test> <!--
	Test -->
</suite> <!--
Suite -->
